4way time (us),activity,alias,anqp time (us),ap,avg chain rssi,beacon,bps rx,bps rx ll,bps tx,bps tx ll,bytes rx ll,bytes tx ll,chain rssi,channel,collisions,connections,crypt,cx ago,cx time (us),device,dhcp (ms),down,entity id,gateway ip,hardware,ip,ipv6 address,ipv6 gateway,key/phrase,login-fail,login-ok,logout-fail,logout-ok,mac,mask,misc,mode,mtu,no cx (us),noise,parent dev,phantom,port,port type,pps rx,pps tx,qlen,reset,retry failed,rx bytes,rx crc,rx drop,rx errors,rx fifo,rx frame,rx length,rx miss,rx over,rx pkts,rx-rate,sec,signal,ssid,status,time-stamp,tx abort,tx bytes,tx crr,tx errors,tx fifo,tx hb,tx pkts,tx wind,tx-failed %,tx-rate,wifi retries,timestamp,eid
0,0,sta0000,0,00:0A:52:25:BD:B4,,0,91757,91757,92969,92969,1514,1534,-42 -50 ,157,0,0,0,0,0,sta0000,0,False,NA,0.0.0.0,AX210,172.16.0.2,fe80::8245:ddff:fe27:1992/64,DELETED,,0,0,0,0,80:45:dd:27:19:92,255.255.255.0,0,802.11an-AX 80 2x2,1500,0,-1 dBm,wiphy9,False,1.1.05,WIFI-STA,7,7,1000,Complete,0,1514,0,0,0,0,0,0,0,0,1,864.8 Mbps,0,-41 dBm,TESTSSID,Authorized,2024-07-26 10:44:25.511,0,1534,0,0,0,0,1,0,0.0,245 Mbps,0,1722015865928043.5,1.1.sta0000
0,1,vap0000,0,,-1 -1 -1 -1 -1 -1 -1 -1 ,0,57383,57383,57383,57383,364958,364958,-1 -1 -1 -1 -1 -1 -1 -1 ,157,0,0,0,0,0,vap0000,0,False,NA,0.0.0.0,mtk7915,172.16.0.1,fe80::20a:52ff:fe25:bdb4/64,DELETED,,0,0,0,0,00:0a:52:25:bd:b4,255.255.255.0,0,802.11an-BE 80 ,1500,0,-89 dBm,wiphy0,False,1.1.16,WIFI-AP,4,4,1000,Complete,0,364958,0,0,0,0,0,0,0,0,243,918.5 Mbps,0,-27 dBm,TESTSSID,,2024-07-26 10:44:25.512,0,364958,0,0,0,0,243,0,16.78082275390625,816.7 Mbps,49,1722015865928043.5,1.1.vap0000
0,0,sta0000,0,00:0A:52:25:BD:B4,,0,67727,67727,68622,68622,9084,9204,-42 -49 ,157,0,0,0,0,0,sta0000,0,False,NA,0.0.0.0,AX210,172.16.0.2,fe80::8245:ddff:fe27:1992/64,DELETED,,0,0,0,0,80:45:dd:27:19:92,255.255.255.0,0,802.11an-AX 80 2x2,1500,0,-1 dBm,wiphy9,False,1.1.05,WIFI-STA,5,5,1000,Complete,0,9084,0,0,0,0,0,0,0,0,6,960.7 Mbps,0,-41 dBm,TESTSSID,Authorized,2024-07-26 10:44:26.452,0,9204,0,0,0,0,6,0,14.285714149475098,245 Mbps,1,1722015866928491.8,1.1.sta0000
0,2,vap0000,0,,-1 -1 -1 -1 -1 -1 -1 -1 ,0,58796,58796,58796,58796,6056,6056,-1 -1 -1 -1 -1 -1 -1 -1 ,157,0,0,0,0,0,vap0000,0,False,NA,0.0.0.0,mtk7915,172.16.0.1,fe80::20a:52ff:fe25:bdb4/64,DELETED,,0,0,0,0,00:0a:52:25:bd:b4,255.255.255.0,0,802.11an-BE 80 ,1500,0,-90 dBm,wiphy0,False,1.1.16,WIFI-AP,4,4,1000,Complete,0,6056,0,0,0,0,0,0,0,0,4,918.5 Mbps,0,-27 dBm,TESTSSID,,2024-07-26 10:44:26.453,0,6056,0,0,0,0,4,0,33.33333206176758,907.4 Mbps,2,1722015866928491.8,1.1.vap0000
0,0,sta0000,0,00:0A:52:25:BD:B4,,0,57383,57383,58141,58141,21196,21476,-42 -50 ,157,0,0,0,0,0,sta0000,0,False,NA,0.0.0.0,AX210,172.16.0.2,fe80::8245:ddff:fe27:1992/64,DELETED,,0,0,0,0,80:45:dd:27:19:92,255.255.255.0,0,802.11an-AX 80 2x2,1500,0,-1 dBm,wiphy9,False,1.1.05,WIFI-STA,4,4,1000,Complete,0,21196,0,0,0,0,0,0,0,0,14,960.7 Mbps,0,-41 dBm,TESTSSID,Authorized,2024-07-26 10:44:28.334,0,21476,0,0,0,0,14,0,48.14814758300781,245 Mbps,13,1722015867928880.5,1.1.sta0000
0,1,vap0000,0,,-1 -1 -1 -1 -1 -1 -1 -1 ,0,53711,53711,53711,53711,18168,18168,-1 -1 -1 -1 -1 -1 -1 -1 ,157,0,0,0,0,0,vap0000,0,False,NA,0.0.0.0,mtk7915,172.16.0.1,fe80::20a:52ff:fe25:bdb4/64,DELETED,,0,0,0,0,00:0a:52:25:bd:b4,255.255.255.0,0,802.11an-BE 80 ,1500,0,-90 dBm,wiphy0,False,1.1.16,WIFI-AP,4,4,1000,Complete,0,18168,0,0,0,0,0,0,0,0,12,918.5 Mbps,0,-27 dBm,TESTSSID,,2024-07-26 10:44:28.335,0,18168,0,0,0,0,12,0,25.0,907.4 Mbps,4,1722015867928880.5,1.1.vap0000
0,0,sta0000,0,00:0A:52:25:BD:B4,,0,59067,59067,59848,59848,28766,29146,-42 -49 ,157,0,0,0,0,0,sta0000,0,False,NA,0.0.0.0,AX210,172.16.0.2,fe80::8245:ddff:fe27:1992/64,DELETED,,0,0,0,0,80:45:dd:27:19:92,255.255.255.0,0,802.11an-AX 80 2x2,1500,0,-1 dBm,wiphy9,False,1.1.05,WIFI-STA,4,4,1000,Complete,0,28766,0,0,0,0,0,0,0,0,19,960.7 Mbps,0,-41 dBm,TESTSSID,Authorized,2024-07-26 10:44:29.275,0,29146,0,0,0,0,19,0,45.71428680419922,245 Mbps,16,1722015868929257.8,1.1.sta0000
0,1,vap0000,0,,-1 -1 -1 -1 -1 -1 -1 -1 ,0,56458,56458,56458,56458,25738,25738,-1 -1 -1 -1 -1 -1 -1 -1 ,157,0,0,0,0,0,vap0000,0,False,NA,0.0.0.0,mtk7915,172.16.0.1,fe80::20a:52ff:fe25:bdb4/64,DELETED,,0,0,0,0,00:0a:52:25:bd:b4,255.255.255.0,0,802.11an-BE 80 ,1500,0,-89 dBm,wiphy0,False,1.1.16,WIFI-AP,4,4,1000,Complete,0,25738,0,0,0,0,0,0,0,0,17,918.5 Mbps,0,-27 dBm,TESTSSID,,2024-07-26 10:44:29.276,0,25738,0,0,0,0,17,0,19.047618865966797,907.4 Mbps,4,1722015868929257.8,1.1.vap0000
0,0,sta0000,0,00:0A:52:25:BD:B4,,0,59067,59067,59848,59848,28766,29146,-42 -49 ,157,0,0,0,0,0,sta0000,0,False,NA,0.0.0.0,AX210,172.16.0.2,fe80::8245:ddff:fe27:1992/64,DELETED,,0,0,0,0,80:45:dd:27:19:92,255.255.255.0,0,802.11an-AX 80 2x2,1500,0,-1 dBm,wiphy9,False,1.1.05,WIFI-STA,4,4,1000,Complete,0,28766,0,0,0,0,0,0,0,0,19,960.7 Mbps,0,-41 dBm,TESTSSID,Authorized,2024-07-26 10:44:29.275,0,29146,0,0,0,0,19,0,45.71428680419922,245 Mbps,16,1722015869929651.0,1.1.sta0000
0,1,vap0000,0,,-1 -1 -1 -1 -1 -1 -1 -1 ,0,56458,56458,56458,56458,25738,25738,-1 -1 -1 -1 -1 -1 -1 -1 ,157,0,0,0,0,0,vap0000,0,False,NA,0.0.0.0,mtk7915,172.16.0.1,fe80::20a:52ff:fe25:bdb4/64,DELETED,,0,0,0,0,00:0a:52:25:bd:b4,255.255.255.0,0,802.11an-BE 80 ,1500,0,-89 dBm,wiphy0,False,1.1.16,WIFI-AP,4,4,1000,Complete,0,25738,0,0,0,0,0,0,0,0,17,918.5 Mbps,0,-27 dBm,TESTSSID,,2024-07-26 10:44:29.276,0,25738,0,0,0,0,17,0,19.047618865966797,907.4 Mbps,4,1722015869929651.0,1.1.vap0000
0,0,sta0000,0,00:0A:52:25:BD:B4,,0,57568,57568,58328,58328,42392,42952,-42 -49 ,157,0,0,0,0,0,sta0000,0,False,NA,0.0.0.0,AX210,172.16.0.2,fe80::8245:ddff:fe27:1992/64,DELETED,,0,0,0,0,80:45:dd:27:19:92,255.255.255.0,0,802.11an-AX 80 2x2,1500,0,-1 dBm,wiphy9,False,1.1.05,WIFI-STA,4,4,1000,Complete,0,42392,0,0,0,0,0,0,0,0,28,960.7 Mbps,0,-41 dBm,TESTSSID,Authorized,2024-07-26 10:44:31.270,0,42952,0,0,0,0,28,0,40.425533294677734,245 Mbps,19,1722015870930281.0,1.1.sta0000
0,1,vap0000,0,,-1 -1 -1 -1 -1 -1 -1 -1 ,0,55805,55805,55805,55805,39364,39364,-1 -1 -1 -1 -1 -1 -1 -1 ,157,0,0,0,0,0,vap0000,0,False,NA,0.0.0.0,mtk7915,172.16.0.1,fe80::20a:52ff:fe25:bdb4/64,DELETED,,0,0,0,0,00:0a:52:25:bd:b4,255.255.255.0,0,802.11an-BE 80 ,1500,0,-90 dBm,wiphy0,False,1.1.16,WIFI-AP,4,4,1000,Complete,0,39364,0,0,0,0,0,0,0,0,26,918.5 Mbps,0,-27 dBm,TESTSSID,,2024-07-26 10:44:31.272,0,39364,0,0,0,0,26,0,21.212121963500977,907.4 Mbps,7,1722015870930281.0,1.1.vap0000
0,0,sta0000,0,00:0A:52:25:BD:B4,,0,58503,58503,59276,59276,49962,50622,-42 -49 ,157,0,0,0,0,0,sta0000,0,False,NA,0.0.0.0,AX210,172.16.0.2,fe80::8245:ddff:fe27:1992/64,DELETED,,0,0,0,0,80:45:dd:27:19:92,255.255.255.0,0,802.11an-AX 80 2x2,1500,0,-1 dBm,wiphy9,False,1.1.05,WIFI-STA,4,4,1000,Complete,0,49962,0,0,0,0,0,0,0,0,33,960.7 Mbps,0,-41 dBm,TESTSSID,Authorized,2024-07-26 10:44:32.211,0,50622,0,0,0,0,33,0,38.88888931274414,245 Mbps,21,1722015871930858.2,1.1.sta0000
0,1,vap0000,0,,-1 -1 -1 -1 -1 -1 -1 -1 ,0,57027,57027,57027,57027,46934,46934,-1 -1 -1 -1 -1 -1 -1 -1 ,157,0,0,0,0,0,vap0000,0,False,NA,0.0.0.0,mtk7915,172.16.0.1,fe80::20a:52ff:fe25:bdb4/64,DELETED,,0,0,0,0,00:0a:52:25:bd:b4,255.255.255.0,0,802.11an-BE 80 ,1500,0,-90 dBm,wiphy0,False,1.1.16,WIFI-AP,4,4,1000,Complete,0,46934,0,0,0,0,0,0,0,0,31,816.6 Mbps,0,-27 dBm,TESTSSID,,2024-07-26 10:44:32.213,0,46934,0,0,0,0,31,0,18.421052932739258,907.4 Mbps,7,1722015871930858.2,1.1.vap0000
0,0,sta0000,0,00:0A:52:25:BD:B4,,0,57646,57646,58408,58408,56018,56758,-42 -49 ,157,0,0,0,0,0,sta0000,0,False,NA,0.0.0.0,AX210,172.16.0.2,fe80::8245:ddff:fe27:1992/64,DELETED,,0,0,0,0,80:45:dd:27:19:92,255.255.255.0,0,802.11an-AX 80 2x2,1500,0,-1 dBm,wiphy9,False,1.1.05,WIFI-STA,4,4,1000,Complete,0,56018,0,0,0,0,0,0,0,0,37,960.7 Mbps,0,-41 dBm,TESTSSID,Authorized,2024-07-26 10:44:33.153,0,56758,0,0,0,0,37,0,40.32258224487305,245 Mbps,25,1722015872931244.8,1.1.sta0000
0,1,vap0000,0,,-1 -1 -1 -1 -1 -1 -1 -1 ,0,56334,56334,56334,56334,52990,52990,-1 -1 -1 -1 -1 -1 -1 -1 ,157,0,0,0,0,0,vap0000,0,False,NA,0.0.0.0,mtk7915,172.16.0.1,fe80::20a:52ff:fe25:bdb4/64,DELETED,,0,0,0,0,00:0a:52:25:bd:b4,255.255.255.0,0,802.11an-BE 80 ,1500,0,-89 dBm,wiphy0,False,1.1.16,WIFI-AP,4,4,1000,Complete,0,52990,0,0,0,0,0,0,0,0,35,918.5 Mbps,0,-27 dBm,TESTSSID,,2024-07-26 10:44:33.154,0,52990,0,0,0,0,35,0,18.604650497436523,907.4 Mbps,8,1722015872931244.8,1.1.vap0000
0,0,sta0000,0,00:0A:52:25:BD:B4,,0,58364,58364,59135,59135,63588,64428,-42 -50 ,157,0,0,0,0,0,sta0000,0,False,NA,0.0.0.0,AX210,172.16.0.2,fe80::8245:ddff:fe27:1992/64,DELETED,,0,0,0,0,80:45:dd:27:19:92,255.255.255.0,0,802.11an-AX 80 2x2,1500,0,-1 dBm,wiphy9,False,1.1.05,WIFI-STA,4,4,1000,Complete,0,63588,0,0,0,0,0,0,0,0,42,960.7 Mbps,0,-41 dBm,TESTSSID,Authorized,2024-07-26 10:44:34.095,0,64428,0,0,0,0,42,0,42.46575164794922,245 Mbps,31,1722015873931685.2,1.1.sta0000
0,1,vap0000,0,,-1 -1 -1 -1 -1 -1 -1 -1 ,0,57219,57219,57219,57219,60560,60560,-1 -1 -1 -1 -1 -1 -1 -1 ,157,0,0,0,0,0,vap0000,0,False,NA,0.0.0.0,mtk7915,172.16.0.1,fe80::20a:52ff:fe25:bdb4/64,DELETED,,0,0,0,0,00:0a:52:25:bd:b4,255.255.255.0,0,802.11an-BE 80 ,1500,0,-90 dBm,wiphy0,False,1.1.16,WIFI-AP,4,4,1000,Complete,0,60560,0,0,0,0,0,0,0,0,40,918.5 Mbps,0,-27 dBm,TESTSSID,,2024-07-26 10:44:34.096,0,60560,0,0,0,0,40,0,16.66666603088379,907.4 Mbps,8,1722015873931685.2,1.1.vap0000
0,0,sta0000,0,00:0A:52:25:BD:B4,,0,57694,57694,58456,58456,69644,70564,-42 -49 ,157,0,0,0,0,0,sta0000,0,False,NA,0.0.0.0,AX210,172.16.0.2,fe80::8245:ddff:fe27:1992/64,DELETED,,0,0,0,0,80:45:dd:27:19:92,255.255.255.0,0,802.11an-AX 80 2x2,1500,0,-1 dBm,wiphy9,False,1.1.05,WIFI-STA,4,4,1000,Complete,0,69644,0,0,0,0,0,0,0,0,46,288.2 Mbps,0,-41 dBm,TESTSSID,Authorized,2024-07-26 10:44:35.036,0,70564,0,0,0,0,46,0,41.772151947021484,245 Mbps,33,1722015874932093.8,1.1.sta0000
0,1,vap0000,0,,-1 -1 -1 -1 -1 -1 -1 -1 ,0,56646,56646,56646,56646,66616,66616,-1 -1 -1 -1 -1 -1 -1 -1 ,157,0,0,0,0,0,vap0000,0,False,NA,0.0.0.0,mtk7915,172.16.0.1,fe80::20a:52ff:fe25:bdb4/64,DELETED,,0,0,0,0,00:0a:52:25:bd:b4,255.255.255.0,0,802.11an-BE 80 ,1500,0,-89 dBm,wiphy0,False,1.1.16,WIFI-AP,4,4,1000,Complete,0,66616,0,0,0,0,0,0,0,0,44,918.5 Mbps,0,-27 dBm,TESTSSID,,2024-07-26 10:44:35.037,0,66616,0,0,0,0,44,0,24.13793182373047,272.2 Mbps,14,1722015874932093.8,1.1.vap0000
0,0,sta0000,0,00:0A:52:25:BD:B4,,0,58322,58322,59108,59108,77256,78296,-42 -49 ,157,0,0,0,0,0,sta0000,0,False,NA,0.0.0.0,AX210,172.16.0.2,fe80::8245:ddff:fe27:1992/64,DELETED,,0,0,0,0,80:45:dd:27:19:92,255.255.255.0,0,802.11an-AX 80 2x2,1500,0,-1 dBm,wiphy9,False,1.1.05,WIFI-STA,4,4,1000,Complete,0,77256,0,0,0,0,0,0,0,0,52,576.4 Mbps,0,-41 dBm,TESTSSID,Authorized,2024-07-26 10:44:35.976,0,78296,0,0,0,0,52,0,38.82352828979492,245 Mbps,33,1722015875932522.8,1.1.sta0000
0,1,vap0000,0,,-1 -1 -1 -1 -1 -1 -1 -1 ,0,57379,57379,57379,57379,74228,74228,-1 -1 -1 -1 -1 -1 -1 -1 ,157,0,0,0,0,0,vap0000,0,False,NA,0.0.0.0,mtk7915,172.16.0.1,fe80::20a:52ff:fe25:bdb4/64,DELETED,,0,0,0,0,00:0a:52:25:bd:b4,255.255.255.0,0,802.11an-BE 80 ,1500,0,-89 dBm,wiphy0,False,1.1.16,WIFI-AP,4,4,1000,Complete,0,74228,0,0,0,0,0,0,0,0,50,918.5 Mbps,0,-27 dBm,TESTSSID,,2024-07-26 10:44:35.978,0,74228,0,0,0,0,50,0,21.875,544.3 Mbps,14,1722015875932522.8,1.1.vap0000
0,0,sta0000,0,00:0A:52:25:BD:B4,,0,57362,57362,58133,58133,83312,84432,-42 -49 ,157,0,0,0,0,0,sta0000,0,False,NA,0.0.0.0,AX210,172.16.0.2,fe80::8245:ddff:fe27:1992/64,DELETED,,0,0,0,0,80:45:dd:27:19:92,255.255.255.0,0,802.11an-AX 80 2x2,1500,0,-1 dBm,wiphy9,False,1.1.05,WIFI-STA,4,4,1000,Complete,0,83312,0,0,0,0,0,0,0,0,56,720.6 Mbps,0,-41 dBm,TESTSSID,Authorized,2024-07-26 10:44:36.998,0,84432,0,0,0,0,56,0,37.078651428222656,245 Mbps,33,1722015876932983.8,1.1.sta0000
0,1,vap0000,0,,-1 -1 -1 -1 -1 -1 -1 -1 ,0,56488,56488,56488,56488,80284,80284,-1 -1 -1 -1 -1 -1 -1 -1 ,157,0,0,0,0,0,vap0000,0,False,NA,0.0.0.0,mtk7915,172.16.0.1,fe80::20a:52ff:fe25:bdb4/64,DELETED,,0,0,0,0,00:0a:52:25:bd:b4,255.255.255.0,0,802.11an-BE 80 ,1500,0,-90 dBm,wiphy0,False,1.1.16,WIFI-AP,4,4,1000,Complete,0,80284,0,0,0,0,0,0,0,0,54,918.5 Mbps,0,-27 dBm,TESTSSID,,2024-07-26 10:44:36.999,0,80284,0,0,0,0,54,0,20.58823585510254,680.6 Mbps,14,1722015876932983.8,1.1.vap0000
0,0,sta0000,0,00:0A:52:25:BD:B4,,0,57891,57891,58668,58668,90882,92102,-42 -50 ,157,0,0,0,0,0,sta0000,0,False,NA,0.0.0.0,AX210,172.16.0.2,fe80::8245:ddff:fe27:1992/64,DELETED,,0,0,0,0,80:45:dd:27:19:92,255.255.255.0,0,802.11an-AX 80 2x2,1500,0,-1 dBm,wiphy9,False,1.1.05,WIFI-STA,4,4,1000,Complete,0,90882,0,0,0,0,0,0,0,0,61,720.6 Mbps,0,-41 dBm,TESTSSID,Authorized,2024-07-26 10:44:37.938,0,92102,0,0,0,0,61,0,35.78947448730469,245 Mbps,34,1722015877933350.0,1.1.sta0000
0,1,vap0000,0,,-1 -1 -1 -1 -1 -1 -1 -1 ,0,57089,57089,57089,57089,87854,87854,-1 -1 -1 -1 -1 -1 -1 -1 ,157,0,0,0,0,0,vap0000,0,False,NA,0.0.0.0,mtk7915,172.16.0.1,fe80::20a:52ff:fe25:bdb4/64,DELETED,,0,0,0,0,00:0a:52:25:bd:b4,255.255.255.0,0,802.11an-BE 80 ,1500,0,-90 dBm,wiphy0,False,1.1.16,WIFI-AP,4,4,1000,Complete,0,87854,0,0,0,0,0,0,0,0,59,918.5 Mbps,0,-27 dBm,TESTSSID,,2024-07-26 10:44:37.940,0,87854,0,0,0,0,59,0,23.376623153686523,816.7 Mbps,18,1722015877933350.0,1.1.vap0000
0,0,sta0000,0,00:0A:52:25:BD:B4,,0,57385,57385,58154,58154,96938,98238,-42 -49 ,157,0,0,0,0,0,sta0000,0,False,NA,0.0.0.0,AX210,172.16.0.2,fe80::8245:ddff:fe27:1992/64,DELETED,,0,0,0,0,80:45:dd:27:19:92,255.255.255.0,0,802.11an-AX 80 2x2,1500,0,-1 dBm,wiphy9,False,1.1.05,WIFI-STA,4,4,1000,Complete,0,96938,0,0,0,0,0,0,0,0,65,720.6 Mbps,0,-41 dBm,TESTSSID,Authorized,2024-07-26 10:44:38.893,0,98238,0,0,0,0,65,0,36.89320373535156,245 Mbps,38,1722015878933839.2,1.1.sta0000
0,1,vap0000,0,,-1 -1 -1 -1 -1 -1 -1 -1 ,0,56636,56636,56636,56636,93910,93910,-1 -1 -1 -1 -1 -1 -1 -1 ,157,0,0,0,0,0,vap0000,0,False,NA,0.0.0.0,mtk7915,172.16.0.1,fe80::20a:52ff:fe25:bdb4/64,DELETED,,0,0,0,0,00:0a:52:25:bd:b4,255.255.255.0,0,802.11an-BE 80 ,1500,0,-88 dBm,wiphy0,False,1.1.16,WIFI-AP,4,4,1000,Complete,0,93910,0,0,0,0,0,0,0,0,63,918.5 Mbps,0,-27 dBm,TESTSSID,,2024-07-26 10:44:38.894,0,93910,0,0,0,0,63,0,22.22222137451172,612.5 Mbps,18,1722015878933839.2,1.1.vap0000
0,0,sta0000,0,00:0A:52:25:BD:B4,,0,57600,57600,58371,58371,104508,105908,-42 -50 ,157,0,0,0,0,0,sta0000,0,False,NA,0.0.0.0,AX210,172.16.0.2,fe80::8245:ddff:fe27:1992/64,DELETED,,0,0,0,0,80:45:dd:27:19:92,255.255.255.0,0,802.11an-AX 80 2x2,1500,0,-1 dBm,wiphy9,False,1.1.05,WIFI-STA,4,4,1000,Complete,0,104508,0,0,0,0,0,0,0,0,70,648.5 Mbps,0,-41 dBm,TESTSSID,Authorized,2024-07-26 10:44:39.894,0,105908,0,0,0,0,70,0,38.596492767333984,245 Mbps,44,1722015879935226.5,1.1.sta0000
0,1,vap0000,0,,-1 -1 -1 -1 -1 -1 -1 -1 ,0,56907,56907,56907,56907,101480,101480,-1 -1 -1 -1 -1 -1 -1 -1 ,157,0,0,0,0,0,vap0000,0,False,NA,0.0.0.0,mtk7915,172.16.0.1,fe80::20a:52ff:fe25:bdb4/64,DELETED,,0,0,0,0,00:0a:52:25:bd:b4,255.255.255.0,0,802.11an-BE 80 ,1500,0,-89 dBm,wiphy0,False,1.1.16,WIFI-AP,4,4,1000,Complete,0,101480,0,0,0,0,0,0,0,0,68,918.5 Mbps,0,-27 dBm,TESTSSID,,2024-07-26 10:44:39.895,0,101480,0,0,0,0,68,0,22.727272033691406,612.5 Mbps,20,1722015879935226.5,1.1.vap0000
0,0,sta0000,0,00:0A:52:25:BD:B4,,0,57790,57790,58564,58564,112078,113578,-42 -50 ,157,0,0,0,0,0,sta0000,0,False,NA,0.0.0.0,AX210,172.16.0.2,fe80::8245:ddff:fe27:1992/64,DELETED,,0,0,0,0,80:45:dd:27:19:92,255.255.255.0,0,802.11an-AX 80 2x2,1500,0,-1 dBm,wiphy9,False,1.1.05,WIFI-STA,4,4,1000,Complete,0,112078,0,0,0,0,0,0,0,0,75,648.5 Mbps,0,-41 dBm,TESTSSID,Authorized,2024-07-26 10:44:40.894,0,113578,0,0,0,0,75,0,38.01652908325195,245 Mbps,46,1722015880935750.2,1.1.sta0000
0,1,vap0000,0,,-1 -1 -1 -1 -1 -1 -1 -1 ,0,57142,57142,57142,57142,109050,109050,-1 -1 -1 -1 -1 -1 -1 -1 ,157,0,0,0,0,0,vap0000,0,False,NA,0.0.0.0,mtk7915,172.16.0.1,fe80::20a:52ff:fe25:bdb4/64,DELETED,,0,0,0,0,00:0a:52:25:bd:b4,255.255.255.0,0,802.11an-BE 80 ,1500,0,-90 dBm,wiphy0,False,1.1.16,WIFI-AP,4,4,1000,Complete,0,109050,0,0,0,0,0,0,0,0,73,918.5 Mbps,0,-27 dBm,TESTSSID,,2024-07-26 10:44:40.896,0,109050,0,0,0,0,73,0,21.5053768157959,612.5 Mbps,20,1722015880935750.2,1.1.vap0000
0,0,sta0000,0,00:0A:52:25:BD:B4,,0,57954,57954,58729,58729,119648,121248,-42 -50 ,157,0,0,0,0,0,sta0000,0,False,NA,0.0.0.0,AX210,172.16.0.2,fe80::8245:ddff:fe27:1992/64,DELETED,,0,0,0,0,80:45:dd:27:19:92,255.255.255.0,0,802.11an-AX 80 2x2,1500,0,-1 dBm,wiphy9,False,1.1.05,WIFI-STA,4,4,1000,Complete,0,119648,0,0,0,0,0,0,0,0,80,960.7 Mbps,0,-41 dBm,TESTSSID,Authorized,2024-07-26 10:44:41.895,0,121248,0,0,0,0,80,0,37.00787353515625,245 Mbps,47,1722015881936219.2,1.1.sta0000
0,1,vap0000,0,,-1 -1 -1 -1 -1 -1 -1 -1 ,0,57352,57352,57352,57352,116620,116620,-1 -1 -1 -1 -1 -1 -1 -1 ,157,0,0,0,0,0,vap0000,0,False,NA,0.0.0.0,mtk7915,172.16.0.1,fe80::20a:52ff:fe25:bdb4/64,DELETED,,0,0,0,0,00:0a:52:25:bd:b4,255.255.255.0,0,802.11an-BE 80 ,1500,0,-89 dBm,wiphy0,False,1.1.16,WIFI-AP,4,4,1000,Complete,0,116620,0,0,0,0,0,0,0,0,78,918.5 Mbps,0,-27 dBm,TESTSSID,,2024-07-26 10:44:41.896,0,116620,0,0,0,0,78,0,20.40816307067871,907.4 Mbps,20,1722015881936219.2,1.1.vap0000
0,0,sta0000,0,00:0A:52:25:BD:B4,,0,57408,57408,58176,58176,125704,127384,-42 -50 ,157,0,0,0,0,0,sta0000,0,False,NA,0.0.0.0,AX210,172.16.0.2,fe80::8245:ddff:fe27:1992/64,DELETED,,0,0,0,0,80:45:dd:27:19:92,255.255.255.0,0,802.11an-AX 80 2x2,1500,0,-1 dBm,wiphy9,False,1.1.05,WIFI-STA,4,4,1000,Complete,0,125704,0,0,0,0,0,0,0,0,84,960.7 Mbps,0,-41 dBm,TESTSSID,Authorized,2024-07-26 10:44:42.896,0,127384,0,0,0,0,84,0,35.87786102294922,245 Mbps,47,1722015882936642.2,1.1.sta0000
0,1,vap0000,0,,-1 -1 -1 -1 -1 -1 -1 -1 ,0,56830,56830,56830,56830,122676,122676,-1 -1 -1 -1 -1 -1 -1 -1 ,157,0,0,0,0,0,vap0000,0,False,NA,0.0.0.0,mtk7915,172.16.0.1,fe80::20a:52ff:fe25:bdb4/64,DELETED,,0,0,0,0,00:0a:52:25:bd:b4,255.255.255.0,0,802.11an-BE 80 ,1500,0,-90 dBm,wiphy0,False,1.1.16,WIFI-AP,4,4,1000,Complete,0,122676,0,0,0,0,0,0,0,0,82,918.5 Mbps,0,-27 dBm,TESTSSID,,2024-07-26 10:44:42.898,0,122676,0,0,0,0,82,0,19.60784339904785,907.4 Mbps,20,1722015882936642.2,1.1.vap0000
0,0,sta0000,0,00:0A:52:25:BD:B4,,0,57572,57572,58341,58341,133274,135054,-42 -49 ,157,0,0,0,0,0,sta0000,0,False,NA,0.0.0.0,AX210,172.16.0.2,fe80::8245:ddff:fe27:1992/64,DELETED,,0,0,0,0,80:45:dd:27:19:92,255.255.255.0,0,802.11an-AX 80 2x2,1500,0,-1 dBm,wiphy9,False,1.1.05,WIFI-STA,4,4,1000,Complete,0,133274,0,0,0,0,0,0,0,0,89,864.8 Mbps,0,-41 dBm,TESTSSID,Authorized,2024-07-26 10:44:43.898,0,135054,0,0,0,0,89,0,35.50724792480469,245 Mbps,49,1722015883937114.0,1.1.sta0000
0,1,vap0000,0,,-1 -1 -1 -1 -1 -1 -1 -1 ,0,57031,57031,57031,57031,130246,130246,-1 -1 -1 -1 -1 -1 -1 -1 ,157,0,0,0,0,0,vap0000,0,False,NA,0.0.0.0,mtk7915,172.16.0.1,fe80::20a:52ff:fe25:bdb4/64,DELETED,,0,0,0,0,00:0a:52:25:bd:b4,255.255.255.0,0,802.11an-BE 80 ,1500,0,-89 dBm,wiphy0,False,1.1.16,WIFI-AP,4,4,1000,Complete,0,130246,0,0,0,0,0,0,0,0,87,918.5 Mbps,0,-27 dBm,TESTSSID,,2024-07-26 10:44:43.899,0,130246,0,0,0,0,87,0,23.00885009765625,907.4 Mbps,26,1722015883937114.0,1.1.vap0000
0,0,sta0000,0,00:0A:52:25:BD:B4,,0,57725,57725,58496,58496,140844,142724,-42 -50 ,157,0,0,0,0,0,sta0000,0,False,NA,0.0.0.0,AX210,172.16.0.2,fe80::8245:ddff:fe27:1992/64,DELETED,,0,0,0,0,80:45:dd:27:19:92,255.255.255.0,0,802.11an-AX 80 2x2,1500,0,-1 dBm,wiphy9,False,1.1.05,WIFI-STA,4,4,1000,Complete,0,140844,0,0,0,0,0,0,0,0,94,864.8 Mbps,0,-41 dBm,TESTSSID,Authorized,2024-07-26 10:44:44.898,0,142724,0,0,0,0,94,0,37.33333206176758,245 Mbps,56,1722015884937590.2,1.1.sta0000
0,1,vap0000,0,,-1 -1 -1 -1 -1 -1 -1 -1 ,0,57211,57211,57211,57211,137816,137816,-1 -1 -1 -1 -1 -1 -1 -1 ,157,0,0,0,0,0,vap0000,0,False,NA,0.0.0.0,mtk7915,172.16.0.1,fe80::20a:52ff:fe25:bdb4/64,DELETED,,0,0,0,0,00:0a:52:25:bd:b4,255.255.255.0,0,802.11an-BE 80 ,1500,0,-89 dBm,wiphy0,False,1.1.16,WIFI-AP,4,4,1000,Complete,0,137816,0,0,0,0,0,0,0,0,92,918.5 Mbps,0,-27 dBm,TESTSSID,,2024-07-26 10:44:44.900,0,137816,0,0,0,0,92,0,22.033897399902344,816.7 Mbps,26,1722015884937590.2,1.1.vap0000
0,0,sta0000,0,00:0A:52:25:BD:B4,,0,57858,57858,58630,58630,148414,150394,-42 -49 ,157,0,0,0,0,0,sta0000,0,False,NA,0.0.0.0,AX210,172.16.0.2,fe80::8245:ddff:fe27:1992/64,DELETED,,0,0,0,0,80:45:dd:27:19:92,255.255.255.0,0,802.11an-AX 80 2x2,1500,0,-1 dBm,wiphy9,False,1.1.05,WIFI-STA,4,4,1000,Complete,0,148414,0,0,0,0,0,0,0,0,99,960.7 Mbps,0,-41 dBm,TESTSSID,Authorized,2024-07-26 10:44:45.900,0,150394,0,0,0,0,99,0,37.73584747314453,245 Mbps,60,1722015885937999.0,1.1.sta0000
0,1,vap0000,0,,-1 -1 -1 -1 -1 -1 -1 -1 ,0,57374,57374,57374,57374,145386,145386,-1 -1 -1 -1 -1 -1 -1 -1 ,157,0,0,0,0,0,vap0000,0,False,NA,0.0.0.0,mtk7915,172.16.0.1,fe80::20a:52ff:fe25:bdb4/64,DELETED,,0,0,0,0,00:0a:52:25:bd:b4,255.255.255.0,0,802.11an-BE 80 ,1500,0,-90 dBm,wiphy0,False,1.1.16,WIFI-AP,4,4,1000,Complete,0,145386,0,0,0,0,0,0,0,0,97,918.5 Mbps,0,-27 dBm,TESTSSID,,2024-07-26 10:44:45.901,0,145386,0,0,0,0,97,0,21.138212203979492,816.7 Mbps,26,1722015885937999.0,1.1.vap0000
0,0,sta0000,0,00:0A:52:25:BD:B4,,0,57413,57413,58178,58178,154470,156530,-42 -50 ,157,0,0,0,0,0,sta0000,0,False,NA,0.0.0.0,AX210,172.16.0.2,fe80::8245:ddff:fe27:1992/64,DELETED,,0,0,0,0,80:45:dd:27:19:92,255.255.255.0,0,802.11an-AX 80 2x2,1500,0,-1 dBm,wiphy9,False,1.1.05,WIFI-STA,4,4,1000,Complete,0,154470,0,0,0,0,0,0,0,0,103,960.7 Mbps,0,-41 dBm,TESTSSID,Authorized,2024-07-26 10:44:46.903,0,156530,0,0,0,0,103,0,37.19512176513672,245 Mbps,61,1722015886938386.8,1.1.sta0000
0,1,vap0000,0,,-1 -1 -1 -1 -1 -1 -1 -1 ,0,57515,57515,57515,57515,152956,152956,-1 -1 -1 -1 -1 -1 -1 -1 ,157,0,0,0,0,0,vap0000,0,False,NA,0.0.0.0,mtk7915,172.16.0.1,fe80::20a:52ff:fe25:bdb4/64,DELETED,,0,0,0,0,00:0a:52:25:bd:b4,255.255.255.0,0,802.11an-BE 80 ,1500,0,-90 dBm,wiphy0,False,1.1.16,WIFI-AP,4,4,1000,Complete,0,152956,0,0,0,0,0,0,0,0,102,918.5 Mbps,0,-27 dBm,TESTSSID,,2024-07-26 10:44:46.904,0,152956,0,0,0,0,102,0,20.3125,907.4 Mbps,26,1722015886938386.8,1.1.vap0000
0,0,sta0000,0,00:0A:52:25:BD:B4,,0,57555,57555,58322,58322,162040,164200,-42 -50 ,157,0,0,0,0,0,sta0000,0,False,NA,0.0.0.0,AX210,172.16.0.2,fe80::8245:ddff:fe27:1992/64,DELETED,,0,0,0,0,80:45:dd:27:19:92,255.255.255.0,0,802.11an-AX 80 2x2,1500,0,-1 dBm,wiphy9,False,1.1.05,WIFI-STA,4,4,1000,Complete,0,162040,0,0,0,0,0,0,0,0,108,960.7 Mbps,0,-41 dBm,TESTSSID,Authorized,2024-07-26 10:44:47.902,0,164200,0,0,0,0,108,0,36.09467315673828,245 Mbps,61,1722015887938796.0,1.1.sta0000
0,1,vap0000,0,,-1 -1 -1 -1 -1 -1 -1 -1 ,0,57111,57111,57111,57111,159012,159012,-1 -1 -1 -1 -1 -1 -1 -1 ,157,0,0,0,0,0,vap0000,0,False,NA,0.0.0.0,mtk7915,172.16.0.1,fe80::20a:52ff:fe25:bdb4/64,DELETED,,0,0,0,0,00:0a:52:25:bd:b4,255.255.255.0,0,802.11an-BE 80 ,1500,0,-89 dBm,wiphy0,False,1.1.16,WIFI-AP,4,4,1000,Complete,0,159012,0,0,0,0,0,0,0,0,106,918.5 Mbps,0,-27 dBm,TESTSSID,,2024-07-26 10:44:47.903,0,159012,0,0,0,0,106,0,19.696969985961914,907.4 Mbps,26,1722015887938796.0,1.1.vap0000
0,0,sta0000,0,00:0A:52:25:BD:B4,,0,57626,57626,58394,58394,169610,171870,-42 -49 ,157,0,0,0,0,0,sta0000,0,False,NA,0.0.0.0,AX210,172.16.0.2,fe80::8245:ddff:fe27:1992/64,DELETED,,0,0,0,0,80:45:dd:27:19:92,255.255.255.0,0,802.11an-AX 80 2x2,1500,0,-1 dBm,wiphy9,False,1.1.05,WIFI-STA,4,4,1000,Complete,0,169610,0,0,0,0,0,0,0,0,113,960.7 Mbps,0,-41 dBm,TESTSSID,Authorized,2024-07-26 10:44:48.925,0,171870,0,0,0,0,113,0,35.79545593261719,245 Mbps,63,1722015888939277.5,1.1.sta0000
0,1,vap0000,0,,-1 -1 -1 -1 -1 -1 -1 -1 ,0,57202,57202,57202,57202,166582,166582,-1 -1 -1 -1 -1 -1 -1 -1 ,157,0,0,0,0,0,vap0000,0,False,NA,0.0.0.0,mtk7915,172.16.0.1,fe80::20a:52ff:fe25:bdb4/64,DELETED,,0,0,0,0,00:0a:52:25:bd:b4,255.255.255.0,0,802.11an-BE 80 ,1500,0,-89 dBm,wiphy0,False,1.1.16,WIFI-AP,4,4,1000,Complete,0,166582,0,0,0,0,0,0,0,0,111,918.5 Mbps,0,-27 dBm,TESTSSID,,2024-07-26 10:44:48.926,0,166582,0,0,0,0,111,0,21.276596069335938,907.4 Mbps,30,1722015888939277.5,1.1.vap0000
0,0,sta0000,0,00:0A:52:25:BD:B4,,0,57887,57887,58669,58669,177180,179574,-42 -50 ,157,0,0,0,0,0,sta0000,0,False,NA,0.0.0.0,AX210,172.16.0.2,fe80::8245:ddff:fe27:1992/64,DELETED,,0,0,0,0,80:45:dd:27:19:92,255.255.255.0,0,802.11an-AX 80 2x2,1500,0,-1 dBm,wiphy9,False,1.1.05,WIFI-STA,4,4,1000,Complete,0,177180,0,0,0,0,0,0,0,0,118,288.2 Mbps,0,-41 dBm,TESTSSID,Authorized,2024-07-26 10:44:49.865,0,179574,0,0,0,0,119,0,35.67567443847656,245 Mbps,66,1722015889939752.5,1.1.sta0000
0,1,vap0000,0,,-1 -1 -1 -1 -1 -1 -1 -1 ,0,57485,57485,57480,57480,174166,174152,-1 -1 -1 -1 -1 -1 -1 -1 ,157,0,0,0,0,0,vap0000,0,False,NA,0.0.0.0,mtk7915,172.16.0.1,fe80::20a:52ff:fe25:bdb4/64,DELETED,,0,0,0,0,00:0a:52:25:bd:b4,255.255.255.0,0,802.11an-BE 80 ,1500,0,-89 dBm,wiphy0,False,1.1.16,WIFI-AP,4,4,1000,Complete,0,174166,0,0,0,0,0,0,0,0,117,918.5 Mbps,0,-27 dBm,TESTSSID,,2024-07-26 10:44:49.867,0,174152,0,0,0,0,116,0,22.66666603088379,272.2 Mbps,34,1722015889939752.5,1.1.vap0000
0,0,sta0000,0,00:0A:52:25:BD:B4,,0,57467,57467,58249,58249,183278,185772,-42 -50 ,157,0,0,0,0,0,sta0000,0,False,NA,0.0.0.0,AX210,172.16.0.2,fe80::8245:ddff:fe27:1992/64,DELETED,,0,0,0,0,80:45:dd:27:19:92,255.255.255.0,0,802.11an-AX 80 2x2,1500,0,-1 dBm,wiphy9,False,1.1.05,WIFI-STA,4,4,1000,Complete,0,183278,0,0,0,0,0,0,0,0,123,576.4 Mbps,0,-41 dBm,TESTSSID,Authorized,2024-07-26 10:44:50.893,0,185772,0,0,0,0,124,0,36.08247375488281,245 Mbps,70,1722015890940316.8,1.1.sta0000
0,1,vap0000,0,,-1 -1 -1 -1 -1 -1 -1 -1 ,0,57077,57077,57072,57072,180264,180250,-1 -1 -1 -1 -1 -1 -1 -1 ,157,0,0,0,0,0,vap0000,0,False,NA,0.0.0.0,mtk7915,172.16.0.1,fe80::20a:52ff:fe25:bdb4/64,DELETED,,0,0,0,0,00:0a:52:25:bd:b4,255.255.255.0,0,802.11an-BE 80 ,1500,0,-90 dBm,wiphy0,False,1.1.16,WIFI-AP,4,4,1000,Complete,0,180264,0,0,0,0,0,0,0,0,122,918.5 Mbps,0,-27 dBm,TESTSSID,,2024-07-26 10:44:50.895,0,180250,0,0,0,0,121,0,21.935483932495117,544.3 Mbps,34,1722015890940316.8,1.1.vap0000
0,0,sta0000,0,00:0A:52:25:BD:B4,,0,57579,57579,58362,58362,190848,193442,-42 -50 ,157,0,0,0,0,0,sta0000,0,False,NA,0.0.0.0,AX210,172.16.0.2,fe80::8245:ddff:fe27:1992/64,DELETED,,0,0,0,0,80:45:dd:27:19:92,255.255.255.0,0,802.11an-AX 80 2x2,1500,0,-1 dBm,wiphy9,False,1.1.05,WIFI-STA,4,4,1000,Complete,0,190848,0,0,0,0,0,0,0,0,128,648.5 Mbps,0,-41 dBm,TESTSSID,Authorized,2024-07-26 10:44:51.895,0,193442,0,0,0,0,129,0,35.82089614868164,245 Mbps,72,1722015891940790.8,1.1.sta0000
0,1,vap0000,0,,-1 -1 -1 -1 -1 -1 -1 -1 ,0,57207,57207,57203,57203,187834,187820,-1 -1 -1 -1 -1 -1 -1 -1 ,157,0,0,0,0,0,vap0000,0,False,NA,0.0.0.0,mtk7915,172.16.0.1,fe80::20a:52ff:fe25:bdb4/64,DELETED,,0,0,0,0,00:0a:52:25:bd:b4,255.255.255.0,0,802.11an-BE 80 ,1500,0,-89 dBm,wiphy0,False,1.1.16,WIFI-AP,4,4,1000,Complete,0,187834,0,0,0,0,0,0,0,0,127,918.5 Mbps,0,-27 dBm,TESTSSID,,2024-07-26 10:44:51.896,0,187820,0,0,0,0,126,0,21.25,612.5 Mbps,34,1722015891940790.8,1.1.vap0000
0,0,sta0000,0,00:0A:52:25:BD:B4,,0,57673,57673,58456,58456,198418,201112,-42 -49 ,157,0,0,0,0,0,sta0000,0,False,NA,0.0.0.0,AX210,172.16.0.2,fe80::8245:ddff:fe27:1992/64,DELETED,,0,0,0,0,80:45:dd:27:19:92,255.255.255.0,0,802.11an-AX 80 2x2,1500,0,-1 dBm,wiphy9,False,1.1.05,WIFI-STA,4,4,1000,Complete,0,198418,0,0,0,0,0,0,0,0,133,864.8 Mbps,0,-41 dBm,TESTSSID,Authorized,2024-07-26 10:44:52.902,0,201112,0,0,0,0,134,0,35.26570129394531,245 Mbps,73,1722015892941206.8,1.1.sta0000
0,1,vap0000,0,,-1 -1 -1 -1 -1 -1 -1 -1 ,0,57315,57315,57311,57311,195404,195390,-1 -1 -1 -1 -1 -1 -1 -1 ,157,0,0,0,0,0,vap0000,0,False,NA,0.0.0.0,mtk7915,172.16.0.1,fe80::20a:52ff:fe25:bdb4/64,DELETED,,0,0,0,0,00:0a:52:25:bd:b4,255.255.255.0,0,802.11an-BE 80 ,1500,0,-89 dBm,wiphy0,False,1.1.16,WIFI-AP,4,4,1000,Complete,0,195404,0,0,0,0,0,0,0,0,132,918.5 Mbps,0,-27 dBm,TESTSSID,,2024-07-26 10:44:52.903,0,195390,0,0,0,0,131,0,20.606060028076172,816.7 Mbps,34,1722015892941206.8,1.1.vap0000
0,0,sta0000,0,00:0A:52:25:BD:B4,,0,57470,57470,58250,58250,204474,207248,-42 -49 ,157,0,0,0,0,0,sta0000,0,False,NA,0.0.0.0,AX210,172.16.0.2,fe80::8245:ddff:fe27:1992/64,DELETED,,0,0,0,0,80:45:dd:27:19:92,255.255.255.0,0,802.11an-AX 80 2x2,1500,0,-1 dBm,wiphy9,False,1.1.05,WIFI-STA,4,4,1000,Complete,0,204474,0,0,0,0,0,0,0,0,137,960.7 Mbps,0,-41 dBm,TESTSSID,Authorized,2024-07-26 10:44:53.842,0,207248,0,0,0,0,138,0,34.5971565246582,245 Mbps,73,1722015893941688.5,1.1.sta0000
0,1,vap0000,0,,-1 -1 -1 -1 -1 -1 -1 -1 ,0,57121,57121,57546,57546,201460,202960,-1 -1 -1 -1 -1 -1 -1 -1 ,157,0,0,0,0,0,vap0000,0,False,NA,0.0.0.0,mtk7915,172.16.0.1,fe80::20a:52ff:fe25:bdb4/64,DELETED,,0,0,0,0,00:0a:52:25:bd:b4,255.255.255.0,0,802.11an-BE 80 ,1500,0,-90 dBm,wiphy0,False,1.1.16,WIFI-AP,4,4,1000,Complete,0,201460,0,0,0,0,0,0,0,0,136,918.5 Mbps,0,-27 dBm,TESTSSID,,2024-07-26 10:44:53.844,0,202960,0,0,0,0,136,0,20.0,907.4 Mbps,34,1722015893941688.5,1.1.vap0000
0,0,sta0000,0,00:0A:52:25:BD:B4,,0,57691,57691,58473,58473,212044,214918,-42 -50 ,157,0,0,0,0,0,sta0000,0,False,NA,0.0.0.0,AX210,172.16.0.2,fe80::8245:ddff:fe27:1992/64,DELETED,,0,0,0,0,80:45:dd:27:19:92,255.255.255.0,0,802.11an-AX 80 2x2,1500,0,-1 dBm,wiphy9,False,1.1.05,WIFI-STA,4,4,1000,Complete,0,212044,0,0,0,0,0,0,0,0,142,864.8 Mbps,0,-41 dBm,TESTSSID,Authorized,2024-07-26 10:44:54.783,0,214918,0,0,0,0,143,0,35.0,245 Mbps,77,1722015894942136.8,1.1.sta0000
0,1,vap0000,0,,-1 -1 -1 -1 -1 -1 -1 -1 ,0,57354,57354,57351,57351,209030,209016,-1 -1 -1 -1 -1 -1 -1 -1 ,157,0,0,0,0,0,vap0000,0,False,NA,0.0.0.0,mtk7915,172.16.0.1,fe80::20a:52ff:fe25:bdb4/64,DELETED,,0,0,0,0,00:0a:52:25:bd:b4,255.255.255.0,0,802.11an-BE 80 ,1500,0,-90 dBm,wiphy0,False,1.1.16,WIFI-AP,4,4,1000,Complete,0,209030,0,0,0,0,0,0,0,0,141,918.5 Mbps,0,-27 dBm,TESTSSID,,2024-07-26 10:44:54.785,0,209016,0,0,0,0,140,0,21.787710189819336,816.7 Mbps,39,1722015894942136.8,1.1.vap0000
